"Protocol","Cohort","Side","Model","CV_BalancedAccuracy","Test_Accuracy","Test_BalancedAccuracy","Test_Sensitivity","Test_Specificity","Test_F1_Macro","Test_ROC_AUC","RunDir"
"Fold-local PLS-DA classifier","All_coef","left","PLSDA_classifier","0.7979155453344424","0.72","0.7164351851851851","0.7037037037037037","0.7291666666666666","0.7066492829204694","0.7669753086419753","C:\Users\IHCK\Desktop\17-9-2569\Hippocampal-Shape-Analysis-for-Epilepsy-Detection\Model\plsda_classifier_runs_10fold\All_coef\left\20260919_191220"
"Fold-local PLS-DA classifier","All_coef","right","PLSDA_classifier","0.8211197339246119","0.8266666666666667","0.8022727272727272","0.75","0.8545454545454545","0.7880895457509237","0.8854545454545455","C:\Users\IHCK\Desktop\17-9-2569\Hippocampal-Shape-Analysis-for-Epilepsy-Detection\Model\plsda_classifier_runs_10fold\All_coef\right\20260919_191220"
"Fold-local PLS-DA classifier","All_coef_Ds004469","left","PLSDA_classifier","0.3990461049284579","0.5833333333333334","0.35","0.0","0.7","0.36842105263157887","0.09999999999999998","C:\Users\IHCK\Desktop\17-9-2569\Hippocampal-Shape-Analysis-for-Epilepsy-Detection\Model\plsda_classifier_runs_10fold\All_coef_Ds004469\left\20260919_191220"
"Fold-local PLS-DA classifier","All_coef_Ds004469","right","PLSDA_classifier","0.6580086580086579","0.8333333333333334","0.45454545454545453","0.0","0.9090909090909091","0.45454545454545453","0.18181818181818177","C:\Users\IHCK\Desktop\17-9-2569\Hippocampal-Shape-Analysis-for-Epilepsy-Detection\Model\plsda_classifier_runs_10fold\All_coef_Ds004469\right\20260919_191221"
"Fold-local PLS-DA classifier","All_coef_Ds005602","left","PLSDA_classifier","0.855916305916306","0.7936507936507936","0.7947368421052632","0.8","0.7894736842105263","0.7883173946756269","0.8642105263157894","C:\Users\IHCK\Desktop\17-9-2569\Hippocampal-Shape-Analysis-for-Epilepsy-Detection\Model\plsda_classifier_runs_10fold\All_coef_Ds005602\left\20260919_191221"
"Fold-local PLS-DA classifier","All_coef_Ds005602","right","PLSDA_classifier","0.8226380756448806","0.8412698412698413","0.8415071770334928","0.8421052631578947","0.8409090909090909","0.8214285714285714","0.9270334928229665","C:\Users\IHCK\Desktop\17-9-2569\Hippocampal-Shape-Analysis-for-Epilepsy-Detection\Model\plsda_classifier_runs_10fold\All_coef_Ds005602\right\20260919_191221"
"Fold-local PLS-DA coefficient","All_coef","left","MLP","0.8459656505357929","0.8266666666666667","0.8240740740740741","0.8148148148148148","0.8333333333333334","0.8160724391624221","0.8757716049382716","C:\Users\IHCK\Desktop\17-9-2569\Hippocampal-Shape-Analysis-for-Epilepsy-Detection\Model\leakage_free_plsda_runs\All_coef\left\MLP\20260919_163223"
"Fold-local PLS-DA coefficient","All_coef","left","MobileNet","0.6816558203258796","0.72","0.6516203703703703","0.4074074074074074","0.8958333333333334","0.6576831123668767","0.7229938271604938","C:\Users\IHCK\Desktop\17-9-2569\Hippocampal-Shape-Analysis-for-Epilepsy-Detection\Model\leakage_free_plsda_runs\All_coef\left\MobileNet\20260919_163240"
"Fold-local PLS-DA coefficient","All_coef","left","ResNet","0.5786563585653471","0.6","0.5254629629629629","0.25925925925925924","0.7916666666666666","0.5175814751286449","0.5462962962962963","C:\Users\IHCK\Desktop\17-9-2569\Hippocampal-Shape-Analysis-for-Epilepsy-Detection\Model\leakage_free_plsda_runs\All_coef\left\ResNet\20260919_163228"
"Fold-local PLS-DA coefficient","All_coef","left","ResNetAE","0.5923080686989284","0.64","0.5567129629629629","0.25925925925925924","0.8541666666666666","0.5468784963078988","0.5609567901234568","C:\Users\IHCK\Desktop\17-9-2569\Hippocampal-Shape-Analysis-for-Epilepsy-Detection\Model\leakage_free_plsda_runs\All_coef\left\ResNetAE\20260919_163234"
"Fold-local PLS-DA coefficient","All_coef","left","SqueezeNet","0.5429857611195381","0.6533333333333333","0.5266203703703703","0.07407407407407407","0.9791666666666666","0.4583333333333333","0.6504629629629629","C:\Users\IHCK\Desktop\17-9-2569\Hippocampal-Shape-Analysis-for-Epilepsy-Detection\Model\leakage_free_plsda_runs\All_coef\left\SqueezeNet\20260919_163248"
"Fold-local PLS-DA coefficient","All_coef","left","SVM","0.7992366785731762","0.88","0.8657407407407407","0.8148148148148148","0.9166666666666666","0.8687025870453218","0.89429012345679","C:\Users\IHCK\Desktop\17-9-2569\Hippocampal-Shape-Analysis-for-Epilepsy-Detection\Model\leakage_free_plsda_runs\All_coef\left\SVM\20260919_163223"
"Fold-local PLS-DA coefficient","All_coef","right","MLP","0.8332039911308204","0.8666666666666667","0.8136363636363636","0.7","0.9272727272727272","0.8237781954887217","0.8827272727272727","C:\Users\IHCK\Desktop\17-9-2569\Hippocampal-Shape-Analysis-for-Epilepsy-Detection\Model\leakage_free_plsda_runs\All_coef\right\MLP\20260919_163259"
"Fold-local PLS-DA coefficient","All_coef","right","MobileNet","0.6381929046563193","0.7466666666666667","0.5886363636363636","0.25","0.9272727272727272","0.5939013964092335","0.8381818181818181","C:\Users\IHCK\Desktop\17-9-2569\Hippocampal-Shape-Analysis-for-Epilepsy-Detection\Model\leakage_free_plsda_runs\All_coef\right\MobileNet\20260919_163326"
"Fold-local PLS-DA coefficient","All_coef","right","ResNet","0.6001662971175167","0.72","0.5704545454545454","0.25","0.8909090909090909","0.5730550284629982","0.6772727272727272","C:\Users\IHCK\Desktop\17-9-2569\Hippocampal-Shape-Analysis-for-Epilepsy-Detection\Model\leakage_free_plsda_runs\All_coef\right\ResNet\20260919_163302"
"Fold-local PLS-DA coefficient","All_coef","right","ResNetAE","0.580210643015521","0.7466666666666667","0.5568181818181818","0.15","0.9636363636363636","0.544","0.730909090909091","C:\Users\IHCK\Desktop\17-9-2569\Hippocampal-Shape-Analysis-for-Epilepsy-Detection\Model\leakage_free_plsda_runs\All_coef\right\ResNetAE\20260919_163311"
"Fold-local PLS-DA coefficient","All_coef","right","SqueezeNet","0.5","0.7333333333333333","0.5","0.0","1.0","0.423076923076923","0.4727272727272728","C:\Users\IHCK\Desktop\17-9-2569\Hippocampal-Shape-Analysis-for-Epilepsy-Detection\Model\leakage_free_plsda_runs\All_coef\right\SqueezeNet\20260919_163339"
"Fold-local PLS-DA coefficient","All_coef","right","SVM","0.773780487804878","0.8133333333333334","0.7295454545454545","0.55","0.9090909090909091","0.7441520467836257","0.8581818181818182","C:\Users\IHCK\Desktop\17-9-2569\Hippocampal-Shape-Analysis-for-Epilepsy-Detection\Model\leakage_free_plsda_runs\All_coef\right\SVM\20260919_163258"
"Fold-local PLS-DA coefficient","All_coef_Ds004469","left","MLP","0.5524642289348172","0.8333333333333334","0.5","0.0","1.0","0.45454545454545453","0.04999999999999999","C:\Users\IHCK\Desktop\17-9-2569\Hippocampal-Shape-Analysis-for-Epilepsy-Detection\Model\leakage_free_plsda_runs\All_coef_Ds004469\left\MLP\20260919_163350"
"Fold-local PLS-DA coefficient","All_coef_Ds004469","left","MobileNet","0.5","0.8333333333333334","0.5","0.0","1.0","0.45454545454545453","0.04999999999999999","C:\Users\IHCK\Desktop\17-9-2569\Hippocampal-Shape-Analysis-for-Epilepsy-Detection\Model\leakage_free_plsda_runs\All_coef_Ds004469\left\MobileNet\20260919_163354"
"Fold-local PLS-DA coefficient","All_coef_Ds004469","left","ResNet","0.5317965023847376","0.8333333333333334","0.5","0.0","1.0","0.45454545454545453","0.25","C:\Users\IHCK\Desktop\17-9-2569\Hippocampal-Shape-Analysis-for-Epilepsy-Detection\Model\leakage_free_plsda_runs\All_coef_Ds004469\left\ResNet\20260919_163351"
"Fold-local PLS-DA coefficient","All_coef_Ds004469","left","ResNetAE","0.5","0.8333333333333334","0.5","0.0","1.0","0.45454545454545453","0.35","C:\Users\IHCK\Desktop\17-9-2569\Hippocampal-Shape-Analysis-for-Epilepsy-Detection\Model\leakage_free_plsda_runs\All_coef_Ds004469\left\ResNetAE\20260919_163352"
"Fold-local PLS-DA coefficient","All_coef_Ds004469","left","SqueezeNet","0.5","0.6666666666666666","0.4","0.0","0.8","0.4000000000000001","0.25","C:\Users\IHCK\Desktop\17-9-2569\Hippocampal-Shape-Analysis-for-Epilepsy-Detection\Model\leakage_free_plsda_runs\All_coef_Ds004469\left\SqueezeNet\20260919_163356"
"Fold-local PLS-DA coefficient","All_coef_Ds004469","left","SVM","0.5","0.8333333333333334","0.5","0.0","1.0","0.45454545454545453","0.04999999999999999","C:\Users\IHCK\Desktop\17-9-2569\Hippocampal-Shape-Analysis-for-Epilepsy-Detection\Model\leakage_free_plsda_runs\All_coef_Ds004469\left\SVM\20260919_163350"
"Fold-local PLS-DA coefficient","All_coef_Ds004469","right","MLP","0.4880952380952381","0.9166666666666666","0.5","0.0","1.0","0.4782608695652174","0.6363636363636364","C:\Users\IHCK\Desktop\17-9-2569\Hippocampal-Shape-Analysis-for-Epilepsy-Detection\Model\leakage_free_plsda_runs\All_coef_Ds004469\right\MLP\20260919_163358"
"Fold-local PLS-DA coefficient","All_coef_Ds004469","right","MobileNet","0.5","0.9166666666666666","0.5","0.0","1.0","0.4782608695652174","0.6363636363636364","C:\Users\IHCK\Desktop\17-9-2569\Hippocampal-Shape-Analysis-for-Epilepsy-Detection\Model\leakage_free_plsda_runs\All_coef_Ds004469\right\MobileNet\20260919_163403"
"Fold-local PLS-DA coefficient","All_coef_Ds004469","right","ResNet","0.5","0.9166666666666666","0.5","0.0","1.0","0.4782608695652174","0.36363636363636365","C:\Users\IHCK\Desktop\17-9-2569\Hippocampal-Shape-Analysis-for-Epilepsy-Detection\Model\leakage_free_plsda_runs\All_coef_Ds004469\right\ResNet\20260919_163359"
"Fold-local PLS-DA coefficient","All_coef_Ds004469","right","ResNetAE","0.5","0.9166666666666666","0.5","0.0","1.0","0.4782608695652174","0.2727272727272727","C:\Users\IHCK\Desktop\17-9-2569\Hippocampal-Shape-Analysis-for-Epilepsy-Detection\Model\leakage_free_plsda_runs\All_coef_Ds004469\right\ResNetAE\20260919_163401"
"Fold-local PLS-DA coefficient","All_coef_Ds004469","right","SqueezeNet","0.5","0.9166666666666666","0.5","0.0","1.0","0.4782608695652174","0.5454545454545454","C:\Users\IHCK\Desktop\17-9-2569\Hippocampal-Shape-Analysis-for-Epilepsy-Detection\Model\leakage_free_plsda_runs\All_coef_Ds004469\right\SqueezeNet\20260919_163405"
"Fold-local PLS-DA coefficient","All_coef_Ds004469","right","SVM","0.5","0.9166666666666666","0.5","0.0","1.0","0.4782608695652174","0.4545454545454546","C:\Users\IHCK\Desktop\17-9-2569\Hippocampal-Shape-Analysis-for-Epilepsy-Detection\Model\leakage_free_plsda_runs\All_coef_Ds004469\right\SVM\20260919_163358"
"Fold-local PLS-DA coefficient","All_coef_Ds005602","left","MLP","0.893939393939394","0.8412698412698413","0.8410526315789473","0.84","0.8421052631578947","0.8362785862785863","0.9168421052631579","C:\Users\IHCK\Desktop\17-9-2569\Hippocampal-Shape-Analysis-for-Epilepsy-Detection\Model\leakage_free_plsda_runs\All_coef_Ds005602\left\MLP\20260919_163408"
"Fold-local PLS-DA coefficient","All_coef_Ds005602","left","MobileNet","0.6470418470418471","0.6666666666666666","0.6278947368421053","0.44","0.8157894736842105","0.6293079293919865","0.7336842105263158","C:\Users\IHCK\Desktop\17-9-2569\Hippocampal-Shape-Analysis-for-Epilepsy-Detection\Model\leakage_free_plsda_runs\All_coef_Ds005602\left\MobileNet\20260919_163429"
"Fold-local PLS-DA coefficient","All_coef_Ds005602","left","ResNet","0.554040404040404","0.5873015873015873","0.5005263157894737","0.08","0.9210526315789473","0.43124999999999997","0.6063157894736843","C:\Users\IHCK\Desktop\17-9-2569\Hippocampal-Shape-Analysis-for-Epilepsy-Detection\Model\leakage_free_plsda_runs\All_coef_Ds005602\left\ResNet\20260919_163410"
"Fold-local PLS-DA coefficient","All_coef_Ds005602","left","ResNetAE","0.5850649350649351","0.5396825396825397","0.4610526315789473","0.08","0.8421052631578947","0.4046920821114369","0.5031578947368421","C:\Users\IHCK\Desktop\17-9-2569\Hippocampal-Shape-Analysis-for-Epilepsy-Detection\Model\leakage_free_plsda_runs\All_coef_Ds005602\left\ResNetAE\20260919_163417"
"Fold-local PLS-DA coefficient","All_coef_Ds005602","left","SqueezeNet","0.5157287157287157","0.6666666666666666","0.5936842105263158","0.24","0.9473684210526315","0.5689149560117301","0.74","C:\Users\IHCK\Desktop\17-9-2569\Hippocampal-Shape-Analysis-for-Epilepsy-Detection\Model\leakage_free_plsda_runs\All_coef_Ds005602\left\SqueezeNet\20260919_163447"
"Fold-local PLS-DA coefficient","All_coef_Ds005602","left","SVM","0.8355699855699856","0.8571428571428571","0.8542105263157895","0.84","0.868421052631579","0.851764705882353","0.9368421052631579","C:\Users\IHCK\Desktop\17-9-2569\Hippocampal-Shape-Analysis-for-Epilepsy-Detection\Model\leakage_free_plsda_runs\All_coef_Ds005602\left\SVM\20260919_163407"
"Fold-local PLS-DA coefficient","All_coef_Ds005602","right","MLP","0.8634673207786041","0.8888888888888888","0.8755980861244019","0.8421052631578947","0.9090909090909091","0.870026525198939","0.9090909090909091","C:\Users\IHCK\Desktop\17-9-2569\Hippocampal-Shape-Analysis-for-Epilepsy-Detection\Model\leakage_free_plsda_runs\All_coef_Ds005602\right\MLP\20260919_163459"
"Fold-local PLS-DA coefficient","All_coef_Ds005602","right","MobileNet","0.7085773065358443","0.7301587301587301","0.6273923444976076","0.3684210526315789","0.8863636363636364","0.6363327674023769","0.8528708133971292","C:\Users\IHCK\Desktop\17-9-2569\Hippocampal-Shape-Analysis-for-Epilepsy-Detection\Model\leakage_free_plsda_runs\All_coef_Ds005602\right\MobileNet\20260919_163518"
"Fold-local PLS-DA coefficient","All_coef_Ds005602","right","ResNet","0.6451574616236746","0.6825396825396826","0.5334928229665071","0.15789473684210525","0.9090909090909091","0.5153846153846154","0.6543062200956937","C:\Users\IHCK\Desktop\17-9-2569\Hippocampal-Shape-Analysis-for-Epilepsy-Detection\Model\leakage_free_plsda_runs\All_coef_Ds005602\right\ResNet\20260919_163504"
"Fold-local PLS-DA coefficient","All_coef_Ds005602","right","ResNetAE","0.652278841588859","0.6349206349206349","0.49940191387559807","0.15789473684210525","0.8409090909090909","0.4848915748311411","0.6770334928229664","C:\Users\IHCK\Desktop\17-9-2569\Hippocampal-Shape-Analysis-for-Epilepsy-Detection\Model\leakage_free_plsda_runs\All_coef_Ds005602\right\ResNetAE\20260919_163510"
"Fold-local PLS-DA coefficient","All_coef_Ds005602","right","SqueezeNet","0.5","0.6984126984126984","0.5","0.0","1.0","0.411214953271028","0.4425837320574162","C:\Users\IHCK\Desktop\17-9-2569\Hippocampal-Shape-Analysis-for-Epilepsy-Detection\Model\leakage_free_plsda_runs\All_coef_Ds005602\right\SqueezeNet\20260919_163527"
"Fold-local PLS-DA coefficient","All_coef_Ds005602","right","SVM","0.8282560531729704","0.8253968253968254","0.8002392344497608","0.7368421052631579","0.8636363636363636","0.7957559681697612","0.8923444976076554","C:\Users\IHCK\Desktop\17-9-2569\Hippocampal-Shape-Analysis-for-Epilepsy-Detection\Model\leakage_free_plsda_runs\All_coef_Ds005602\right\SVM\20260919_163457"
"Fold-local PLS-DA PointNet","All_coef","left","PointNet_PLSDA","0.5530410529921221","0.68","0.5636574074074074","0.14814814814814814","0.9791666666666666","0.5233050847457626","0.9035493827160495","C:\Users\IHCK\Desktop\17-9-2569\Hippocampal-Shape-Analysis-for-Epilepsy-Detection\Model\pointnet_plsda_runs\All_coef\left\20260919_182541"
"Fold-local PLS-DA PointNet","All_coef","right","PointNet_PLSDA","0.6236141906873615","0.8533333333333334","0.740909090909091","0.5","0.9818181818181818","0.7763621577663322","0.8290909090909091","C:\Users\IHCK\Desktop\17-9-2569\Hippocampal-Shape-Analysis-for-Epilepsy-Detection\Model\pointnet_plsda_runs\All_coef\right\20260919_182552"
"Fold-local PLS-DA PointNet","All_coef_Ds004469","left","PointNet_PLSDA","0.4936406995230525","0.8333333333333334","0.5","0.0","1.0","0.45454545454545453","1.0","C:\Users\IHCK\Desktop\17-9-2569\Hippocampal-Shape-Analysis-for-Epilepsy-Detection\Model\pointnet_plsda_runs\All_coef_Ds004469\left\20260919_182604"
"Fold-local PLS-DA PointNet","All_coef_Ds004469","right","PointNet_PLSDA","0.5909090909090909","0.9166666666666666","0.5","0.0","1.0","0.4782608695652174","0.36363636363636365","C:\Users\IHCK\Desktop\17-9-2569\Hippocampal-Shape-Analysis-for-Epilepsy-Detection\Model\pointnet_plsda_runs\All_coef_Ds004469\right\20260919_182607"
"Fold-local PLS-DA PointNet","All_coef_Ds005602","left","PointNet_PLSDA","0.7934343434343434","0.873015873015873","0.8742105263157895","0.88","0.868421052631579","0.869022869022869","0.9284210526315789","C:\Users\IHCK\Desktop\17-9-2569\Hippocampal-Shape-Analysis-for-Epilepsy-Detection\Model\pointnet_plsda_runs\All_coef_Ds005602\left\20260919_182610"
"Fold-local PLS-DA PointNet","All_coef_Ds005602","right","PointNet_PLSDA","0.7381310333913594","0.8571428571428571","0.7930622009569378","0.631578947368421","0.9545454545454546","0.81524926686217","0.8612440191387559","C:\Users\IHCK\Desktop\17-9-2569\Hippocampal-Shape-Analysis-for-Epilepsy-Detection\Model\pointnet_plsda_runs\All_coef_Ds005602\right\20260919_182620"
"No-PLS coefficient","All_coef","left","MLP","0.8386749522924108","0.8133333333333334","0.8055555555555556","0.7777777777777778","0.8333333333333334","0.800531914893617","0.8618827160493828","C:\Users\IHCK\Desktop\17-9-2569\Hippocampal-Shape-Analysis-for-Epilepsy-Detection\Model\leakage_free_runs\All_coef\left\MLP\20260919_162021"
"No-PLS coefficient","All_coef","left","MobileNet","0.6323090473161422","0.7066666666666667","0.625","0.3333333333333333","0.9166666666666666","0.625","0.6736111111111112","C:\Users\IHCK\Desktop\17-9-2569\Hippocampal-Shape-Analysis-for-Epilepsy-Detection\Model\leakage_free_runs\All_coef\left\MobileNet\20260919_162038"
"No-PLS coefficient","All_coef","left","ResNet","0.5784606351225718","0.5866666666666667","0.5150462962962963","0.25925925925925924","0.7708333333333334","0.5079365079365079","0.5609567901234568","C:\Users\IHCK\Desktop\17-9-2569\Hippocampal-Shape-Analysis-for-Epilepsy-Detection\Model\leakage_free_runs\All_coef\left\ResNet\20260919_162026"
"No-PLS coefficient","All_coef","left","ResNetAE","0.5952928512012526","0.5466666666666666","0.4756944444444444","0.2222222222222222","0.7291666666666666","0.46697324414715724","0.5146604938271605","C:\Users\IHCK\Desktop\17-9-2569\Hippocampal-Shape-Analysis-for-Epilepsy-Detection\Model\leakage_free_runs\All_coef\left\ResNetAE\20260919_162032"
"No-PLS coefficient","All_coef","left","SqueezeNet","0.5102754807457063","0.6266666666666667","0.505787037037037","0.07407407407407407","0.9375","0.44385593220338987","0.4089506172839506","C:\Users\IHCK\Desktop\17-9-2569\Hippocampal-Shape-Analysis-for-Epilepsy-Detection\Model\leakage_free_runs\All_coef\left\SqueezeNet\20260919_162045"
"No-PLS coefficient","All_coef","left","SVM","0.8304545676958457","0.8666666666666667","0.8553240740740741","0.8148148148148148","0.8958333333333334","0.8553240740740741","0.8950617283950617","C:\Users\IHCK\Desktop\17-9-2569\Hippocampal-Shape-Analysis-for-Epilepsy-Detection\Model\leakage_free_runs\All_coef\left\SVM\20260919_162021"
"No-PLS coefficient","All_coef","right","MLP","0.8614190687361419","0.8533333333333334","0.8045454545454545","0.7","0.9090909090909091","0.8094248094248094","0.8963636363636363","C:\Users\IHCK\Desktop\17-9-2569\Hippocampal-Shape-Analysis-for-Epilepsy-Detection\Model\leakage_free_runs\All_coef\right\MLP\20260919_162051"
"No-PLS coefficient","All_coef","right","MobileNet","0.6564855875831486","0.7866666666666666","0.6318181818181818","0.3","0.9636363636363636","0.6487119437939108","0.8163636363636364","C:\Users\IHCK\Desktop\17-9-2569\Hippocampal-Shape-Analysis-for-Epilepsy-Detection\Model\leakage_free_runs\All_coef\right\MobileNet\20260919_162106"
"No-PLS coefficient","All_coef","right","ResNet","0.6009977827050997","0.7733333333333333","0.6227272727272727","0.3","0.9454545454545454","0.6366486178398404","0.7136363636363636","C:\Users\IHCK\Desktop\17-9-2569\Hippocampal-Shape-Analysis-for-Epilepsy-Detection\Model\leakage_free_runs\All_coef\right\ResNet\20260919_162054"
"No-PLS coefficient","All_coef","right","ResNetAE","0.666629711751663","0.72","0.5863636363636363","0.3","0.8727272727272727","0.5920745920745921","0.7227272727272727","C:\Users\IHCK\Desktop\17-9-2569\Hippocampal-Shape-Analysis-for-Epilepsy-Detection\Model\leakage_free_runs\All_coef\right\ResNetAE\20260919_162100"
"No-PLS coefficient","All_coef","right","SqueezeNet","0.49318181818181817","0.72","0.4909090909090909","0.0","0.9818181818181818","0.4186046511627907","0.4109090909090909","C:\Users\IHCK\Desktop\17-9-2569\Hippocampal-Shape-Analysis-for-Epilepsy-Detection\Model\leakage_free_runs\All_coef\right\SqueezeNet\20260919_162114"
"No-PLS coefficient","All_coef","right","SVM","0.8255543237250554","0.8266666666666667","0.7545454545454545","0.6","0.9090909090909091","0.7668022004305189","0.8945454545454545","C:\Users\IHCK\Desktop\17-9-2569\Hippocampal-Shape-Analysis-for-Epilepsy-Detection\Model\leakage_free_runs\All_coef\right\SVM\20260919_162051"
"No-PLS coefficient","All_coef_Ds004469","left","MLP","0.4507154213036566","0.8333333333333334","0.5","0.0","1.0","0.45454545454545453","0.04999999999999999","C:\Users\IHCK\Desktop\17-9-2569\Hippocampal-Shape-Analysis-for-Epilepsy-Detection\Model\leakage_free_runs\All_coef_Ds004469\left\MLP\20260919_162121"
"No-PLS coefficient","All_coef_Ds004469","left","MobileNet","0.5182829888712241","0.8333333333333334","0.5","0.0","1.0","0.45454545454545453","0.0","C:\Users\IHCK\Desktop\17-9-2569\Hippocampal-Shape-Analysis-for-Epilepsy-Detection\Model\leakage_free_runs\All_coef_Ds004469\left\MobileNet\20260919_162125"
"No-PLS coefficient","All_coef_Ds004469","left","ResNet","0.5747217806041336","0.8333333333333334","0.5","0.0","1.0","0.45454545454545453","0.5","C:\Users\IHCK\Desktop\17-9-2569\Hippocampal-Shape-Analysis-for-Epilepsy-Detection\Model\leakage_free_runs\All_coef_Ds004469\left\ResNet\20260919_162122"
"No-PLS coefficient","All_coef_Ds004469","left","ResNetAE","0.5747217806041336","0.75","0.45","0.0","0.9","0.4285714285714286","0.5","C:\Users\IHCK\Desktop\17-9-2569\Hippocampal-Shape-Analysis-for-Epilepsy-Detection\Model\leakage_free_runs\All_coef_Ds004469\left\ResNetAE\20260919_162123"
"No-PLS coefficient","All_coef_Ds004469","left","SqueezeNet","0.5","0.8333333333333334","0.5","0.0","1.0","0.45454545454545453","0.09999999999999998","C:\Users\IHCK\Desktop\17-9-2569\Hippocampal-Shape-Analysis-for-Epilepsy-Detection\Model\leakage_free_runs\All_coef_Ds004469\left\SqueezeNet\20260919_162127"
"No-PLS coefficient","All_coef_Ds004469","left","SVM","0.5","0.8333333333333334","0.5","0.0","1.0","0.45454545454545453","0.0","C:\Users\IHCK\Desktop\17-9-2569\Hippocampal-Shape-Analysis-for-Epilepsy-Detection\Model\leakage_free_runs\All_coef_Ds004469\left\SVM\20260919_162121"
"No-PLS coefficient","All_coef_Ds004469","right","MLP","0.47619047619047616","0.9166666666666666","0.5","0.0","1.0","0.4782608695652174","0.7272727272727273","C:\Users\IHCK\Desktop\17-9-2569\Hippocampal-Shape-Analysis-for-Epilepsy-Detection\Model\leakage_free_runs\All_coef_Ds004469\right\MLP\20260919_162128"
"No-PLS coefficient","All_coef_Ds004469","right","MobileNet","0.5","0.9166666666666666","0.5","0.0","1.0","0.4782608695652174","0.2727272727272727","C:\Users\IHCK\Desktop\17-9-2569\Hippocampal-Shape-Analysis-for-Epilepsy-Detection\Model\leakage_free_runs\All_coef_Ds004469\right\MobileNet\20260919_162134"
"No-PLS coefficient","All_coef_Ds004469","right","ResNet","0.5335497835497836","0.9166666666666666","0.5","0.0","1.0","0.4782608695652174","0.09090909090909094","C:\Users\IHCK\Desktop\17-9-2569\Hippocampal-Shape-Analysis-for-Epilepsy-Detection\Model\leakage_free_runs\All_coef_Ds004469\right\ResNet\20260919_162129"
"No-PLS coefficient","All_coef_Ds004469","right","ResNetAE","0.5","0.9166666666666666","0.5","0.0","1.0","0.4782608695652174","0.09090909090909094","C:\Users\IHCK\Desktop\17-9-2569\Hippocampal-Shape-Analysis-for-Epilepsy-Detection\Model\leakage_free_runs\All_coef_Ds004469\right\ResNetAE\20260919_162131"
"No-PLS coefficient","All_coef_Ds004469","right","SqueezeNet","0.5","0.9166666666666666","0.5","0.0","1.0","0.4782608695652174","0.18181818181818177","C:\Users\IHCK\Desktop\17-9-2569\Hippocampal-Shape-Analysis-for-Epilepsy-Detection\Model\leakage_free_runs\All_coef_Ds004469\right\SqueezeNet\20260919_162137"
"No-PLS coefficient","All_coef_Ds004469","right","SVM","0.5","0.9166666666666666","0.5","0.0","1.0","0.4782608695652174","0.18181818181818177","C:\Users\IHCK\Desktop\17-9-2569\Hippocampal-Shape-Analysis-for-Epilepsy-Detection\Model\leakage_free_runs\All_coef_Ds004469\right\SVM\20260919_162128"
"No-PLS coefficient","All_coef_Ds005602","left","MLP","0.8841991341991342","0.8571428571428571","0.8542105263157895","0.84","0.868421052631579","0.851764705882353","0.9168421052631578","C:\Users\IHCK\Desktop\17-9-2569\Hippocampal-Shape-Analysis-for-Epilepsy-Detection\Model\leakage_free_runs\All_coef_Ds005602\left\MLP\20260919_162139"
"No-PLS coefficient","All_coef_Ds005602","left","MobileNet","0.6794372294372295","0.6825396825396826","0.6478947368421053","0.48","0.8157894736842105","0.6507760532150776","0.7231578947368421","C:\Users\IHCK\Desktop\17-9-2569\Hippocampal-Shape-Analysis-for-Epilepsy-Detection\Model\leakage_free_runs\All_coef_Ds005602\left\MobileNet\20260919_162150"
"No-PLS coefficient","All_coef_Ds005602","left","ResNet","0.6262626262626263","0.5396825396825397","0.4815789473684211","0.2","0.7631578947368421","0.46153846153846156","0.5684210526315789","C:\Users\IHCK\Desktop\17-9-2569\Hippocampal-Shape-Analysis-for-Epilepsy-Detection\Model\leakage_free_runs\All_coef_Ds005602\left\ResNet\20260919_162141"
"No-PLS coefficient","All_coef_Ds005602","left","ResNetAE","0.5906204906204906","0.5555555555555556","0.48105263157894734","0.12","0.8421052631578947","0.4360613810741688","0.5610526315789474","C:\Users\IHCK\Desktop\17-9-2569\Hippocampal-Shape-Analysis-for-Epilepsy-Detection\Model\leakage_free_runs\All_coef_Ds005602\left\ResNetAE\20260919_162145"
"No-PLS coefficient","All_coef_Ds005602","left","SqueezeNet","0.5","0.6031746031746031","0.5","0.0","1.0","0.3762376237623762","0.5621052631578948","C:\Users\IHCK\Desktop\17-9-2569\Hippocampal-Shape-Analysis-for-Epilepsy-Detection\Model\leakage_free_runs\All_coef_Ds005602\left\SqueezeNet\20260919_162157"
"No-PLS coefficient","All_coef_Ds005602","left","SVM","0.8587301587301588","0.8888888888888888","0.8873684210526316","0.88","0.8947368421052632","0.8847058823529412","0.9263157894736843","C:\Users\IHCK\Desktop\17-9-2569\Hippocampal-Shape-Analysis-for-Epilepsy-Detection\Model\leakage_free_runs\All_coef_Ds005602\left\SVM\20260919_162138"
"No-PLS coefficient","All_coef_Ds005602","right","MLP","0.870509574299731","0.8412698412698413","0.8265550239234449","0.7894736842105263","0.8636363636363636","0.8168604651162792","0.9114832535885167","C:\Users\IHCK\Desktop\17-9-2569\Hippocampal-Shape-Analysis-for-Epilepsy-Detection\Model\leakage_free_runs\All_coef_Ds005602\right\MLP\20260919_162201"
"No-PLS coefficient","All_coef_Ds005602","right","MobileNet","0.684641557208419","0.7619047619047619","0.6800239234449761","0.47368421052631576","0.8863636363636364","0.6920821114369501","0.8301435406698565","C:\Users\IHCK\Desktop\17-9-2569\Hippocampal-Shape-Analysis-for-Epilepsy-Detection\Model\leakage_free_runs\All_coef_Ds005602\right\MobileNet\20260919_162213"
"No-PLS coefficient","All_coef_Ds005602","right","ResNet","0.6100253204620985","0.6666666666666666","0.507177033492823","0.10526315789473684","0.9090909090909091","0.476039603960396","0.6901913875598086","C:\Users\IHCK\Desktop\17-9-2569\Hippocampal-Shape-Analysis-for-Epilepsy-Detection\Model\leakage_free_runs\All_coef_Ds005602\right\ResNet\20260919_162203"
"No-PLS coefficient","All_coef_Ds005602","right","ResNetAE","0.6156037347681595","0.6349206349206349","0.48444976076555024","0.10526315789473684","0.8636363636363636","0.4579124579124579","0.6626794258373205","C:\Users\IHCK\Desktop\17-9-2569\Hippocampal-Shape-Analysis-for-Epilepsy-Detection\Model\leakage_free_runs\All_coef_Ds005602\right\ResNetAE\20260919_162208"
"No-PLS coefficient","All_coef_Ds005602","right","SqueezeNet","0.5225510365564171","0.6984126984126984","0.5149521531100478","0.05263157894736842","0.9772727272727273","0.4571428571428572","0.5406698564593301","C:\Users\IHCK\Desktop\17-9-2569\Hippocampal-Shape-Analysis-for-Epilepsy-Detection\Model\leakage_free_runs\All_coef_Ds005602\right\SqueezeNet\20260919_162222"
"No-PLS coefficient","All_coef_Ds005602","right","SVM","0.8620430447855674","0.8571428571428571","0.8229665071770335","0.7368421052631579","0.9090909090909091","0.8278165806255693","0.916267942583732","C:\Users\IHCK\Desktop\17-9-2569\Hippocampal-Shape-Analysis-for-Epilepsy-Detection\Model\leakage_free_runs\All_coef_Ds005602\right\SVM\20260919_162201"
"Raw XYZ PointNet","All_coef","left","PointNet","0.6971669031658266","0.8133333333333334","0.7731481481481481","0.6296296296296297","0.9166666666666666","0.7855392156862745","0.9212962962962963","C:\Users\IHCK\Desktop\17-9-2569\Hippocampal-Shape-Analysis-for-Epilepsy-Detection\Model\pointnet_runs\All_coef\left\20260919_164704"
"Raw XYZ PointNet","All_coef","right","PointNet","0.6722283813747227","0.8666666666666667","0.7977272727272727","0.65","0.9454545454545454","0.8172514619883041","0.8727272727272727","C:\Users\IHCK\Desktop\17-9-2569\Hippocampal-Shape-Analysis-for-Epilepsy-Detection\Model\pointnet_runs\All_coef\right\20260919_164716"
"Raw XYZ PointNet","All_coef_Ds004469","left","PointNet","0.49602543720190784","0.8333333333333334","0.5","0.0","1.0","0.45454545454545453","0.04999999999999999","C:\Users\IHCK\Desktop\17-9-2569\Hippocampal-Shape-Analysis-for-Epilepsy-Detection\Model\pointnet_runs\All_coef_Ds004469\left\20260919_164728"
"Raw XYZ PointNet","All_coef_Ds004469","right","PointNet","0.512987012987013","0.8333333333333334","0.45454545454545453","0.0","0.9090909090909091","0.45454545454545453","0.0","C:\Users\IHCK\Desktop\17-9-2569\Hippocampal-Shape-Analysis-for-Epilepsy-Detection\Model\pointnet_runs\All_coef_Ds004469\right\20260919_164731"
"Raw XYZ PointNet","All_coef_Ds005602","left","PointNet","0.7092352092352092","0.8095238095238095","0.76","0.52","1.0","0.7739234449760766","0.9442105263157895","C:\Users\IHCK\Desktop\17-9-2569\Hippocampal-Shape-Analysis-for-Epilepsy-Detection\Model\pointnet_runs\All_coef_Ds005602\left\20260919_164734"
"Raw XYZ PointNet","All_coef_Ds005602","right","PointNet","0.7493669884475391","0.8253968253968254","0.770334928229665","0.631578947368421","0.9090909090909091","0.7824175824175824","0.9090909090909092","C:\Users\IHCK\Desktop\17-9-2569\Hippocampal-Shape-Analysis-for-Epilepsy-Detection\Model\pointnet_runs\All_coef_Ds005602\right\20260919_164742"
