Cohort,Side,Model,CV_BalancedAccuracy,CV_F1_Macro,Test_Accuracy,Test_BalancedAccuracy,Test_Sensitivity,Test_Specificity,Test_F1_Macro,Test_ROC_AUC,RunDir
All_coef,left,SVM,0.7992366785731762,0.8099489795918366,0.88,0.8657407407407407,0.8148148148148148,0.9166666666666666,0.8687025870453218,0.89429012345679,C:\Users\IHCK\Desktop\17-9-2569\Hippocampal-Shape-Analysis-for-Epilepsy-Detection\Model\leakage_free_plsda_runs\All_coef\left\SVM\20260919_163223
All_coef,left,MLP,0.8459656505357929,0.851630570077172,0.8266666666666667,0.8240740740740741,0.8148148148148148,0.8333333333333334,0.8160724391624221,0.8757716049382716,C:\Users\IHCK\Desktop\17-9-2569\Hippocampal-Shape-Analysis-for-Epilepsy-Detection\Model\leakage_free_plsda_runs\All_coef\left\MLP\20260919_163223
All_coef,left,ResNet,0.5786563585653471,0.5781517094017095,0.6,0.5254629629629629,0.25925925925925924,0.7916666666666666,0.5175814751286449,0.5462962962962963,C:\Users\IHCK\Desktop\17-9-2569\Hippocampal-Shape-Analysis-for-Epilepsy-Detection\Model\leakage_free_plsda_runs\All_coef\left\ResNet\20260919_163228
All_coef,left,ResNetAE,0.5923080686989284,0.5913777972795085,0.64,0.5567129629629629,0.25925925925925924,0.8541666666666666,0.5468784963078988,0.5609567901234568,C:\Users\IHCK\Desktop\17-9-2569\Hippocampal-Shape-Analysis-for-Epilepsy-Detection\Model\leakage_free_plsda_runs\All_coef\left\ResNetAE\20260919_163234
All_coef,left,MobileNet,0.6816558203258796,0.6891948268669168,0.72,0.6516203703703703,0.4074074074074074,0.8958333333333334,0.6576831123668767,0.7229938271604938,C:\Users\IHCK\Desktop\17-9-2569\Hippocampal-Shape-Analysis-for-Epilepsy-Detection\Model\leakage_free_plsda_runs\All_coef\left\MobileNet\20260919_163240
All_coef,left,SqueezeNet,0.5429857611195381,0.4908419901585567,0.6533333333333333,0.5266203703703703,0.07407407407407407,0.9791666666666666,0.4583333333333333,0.6504629629629629,C:\Users\IHCK\Desktop\17-9-2569\Hippocampal-Shape-Analysis-for-Epilepsy-Detection\Model\leakage_free_plsda_runs\All_coef\left\SqueezeNet\20260919_163248
All_coef,right,SVM,0.773780487804878,0.7974513749161637,0.8133333333333334,0.7295454545454545,0.55,0.9090909090909091,0.7441520467836257,0.8581818181818182,C:\Users\IHCK\Desktop\17-9-2569\Hippocampal-Shape-Analysis-for-Epilepsy-Detection\Model\leakage_free_plsda_runs\All_coef\right\SVM\20260919_163258
All_coef,right,MLP,0.8332039911308204,0.8529980087027067,0.8666666666666667,0.8136363636363636,0.7,0.9272727272727272,0.8237781954887217,0.8827272727272727,C:\Users\IHCK\Desktop\17-9-2569\Hippocampal-Shape-Analysis-for-Epilepsy-Detection\Model\leakage_free_plsda_runs\All_coef\right\MLP\20260919_163259
All_coef,right,ResNet,0.6001662971175167,0.6079195066536839,0.72,0.5704545454545454,0.25,0.8909090909090909,0.5730550284629982,0.6772727272727272,C:\Users\IHCK\Desktop\17-9-2569\Hippocampal-Shape-Analysis-for-Epilepsy-Detection\Model\leakage_free_plsda_runs\All_coef\right\ResNet\20260919_163302
All_coef,right,ResNetAE,0.580210643015521,0.5808806301029144,0.7466666666666667,0.5568181818181818,0.15,0.9636363636363636,0.544,0.730909090909091,C:\Users\IHCK\Desktop\17-9-2569\Hippocampal-Shape-Analysis-for-Epilepsy-Detection\Model\leakage_free_plsda_runs\All_coef\right\ResNetAE\20260919_163311
All_coef,right,MobileNet,0.6381929046563193,0.6530330882352942,0.7466666666666667,0.5886363636363636,0.25,0.9272727272727272,0.5939013964092335,0.8381818181818181,C:\Users\IHCK\Desktop\17-9-2569\Hippocampal-Shape-Analysis-for-Epilepsy-Detection\Model\leakage_free_plsda_runs\All_coef\right\MobileNet\20260919_163326
All_coef,right,SqueezeNet,0.5,0.421455938697318,0.7333333333333333,0.5,0.0,1.0,0.423076923076923,0.4727272727272728,C:\Users\IHCK\Desktop\17-9-2569\Hippocampal-Shape-Analysis-for-Epilepsy-Detection\Model\leakage_free_plsda_runs\All_coef\right\SqueezeNet\20260919_163339
All_coef_Ds004469,left,SVM,0.5,0.40659340659340665,0.8333333333333334,0.5,0.0,1.0,0.45454545454545453,0.04999999999999999,C:\Users\IHCK\Desktop\17-9-2569\Hippocampal-Shape-Analysis-for-Epilepsy-Detection\Model\leakage_free_plsda_runs\All_coef_Ds004469\left\SVM\20260919_163350
All_coef_Ds004469,left,MLP,0.5524642289348172,0.5521606285464863,0.8333333333333334,0.5,0.0,1.0,0.45454545454545453,0.04999999999999999,C:\Users\IHCK\Desktop\17-9-2569\Hippocampal-Shape-Analysis-for-Epilepsy-Detection\Model\leakage_free_plsda_runs\All_coef_Ds004469\left\MLP\20260919_163350
All_coef_Ds004469,left,ResNet,0.5317965023847376,0.49753694581280794,0.8333333333333334,0.5,0.0,1.0,0.45454545454545453,0.25,C:\Users\IHCK\Desktop\17-9-2569\Hippocampal-Shape-Analysis-for-Epilepsy-Detection\Model\leakage_free_plsda_runs\All_coef_Ds004469\left\ResNet\20260919_163351
All_coef_Ds004469,left,ResNetAE,0.5,0.40659340659340665,0.8333333333333334,0.5,0.0,1.0,0.45454545454545453,0.35,C:\Users\IHCK\Desktop\17-9-2569\Hippocampal-Shape-Analysis-for-Epilepsy-Detection\Model\leakage_free_plsda_runs\All_coef_Ds004469\left\ResNetAE\20260919_163352
All_coef_Ds004469,left,MobileNet,0.5,0.40659340659340665,0.8333333333333334,0.5,0.0,1.0,0.45454545454545453,0.04999999999999999,C:\Users\IHCK\Desktop\17-9-2569\Hippocampal-Shape-Analysis-for-Epilepsy-Detection\Model\leakage_free_plsda_runs\All_coef_Ds004469\left\MobileNet\20260919_163354
All_coef_Ds004469,left,SqueezeNet,0.5,0.40659340659340665,0.6666666666666666,0.4,0.0,0.8,0.4000000000000001,0.25,C:\Users\IHCK\Desktop\17-9-2569\Hippocampal-Shape-Analysis-for-Epilepsy-Detection\Model\leakage_free_plsda_runs\All_coef_Ds004469\left\SqueezeNet\20260919_163356
All_coef_Ds004469,right,SVM,0.5,0.4421052631578948,0.9166666666666666,0.5,0.0,1.0,0.4782608695652174,0.4545454545454546,C:\Users\IHCK\Desktop\17-9-2569\Hippocampal-Shape-Analysis-for-Epilepsy-Detection\Model\leakage_free_plsda_runs\All_coef_Ds004469\right\SVM\20260919_163358
All_coef_Ds004469,right,MLP,0.4880952380952381,0.4361702127659574,0.9166666666666666,0.5,0.0,1.0,0.4782608695652174,0.6363636363636364,C:\Users\IHCK\Desktop\17-9-2569\Hippocampal-Shape-Analysis-for-Epilepsy-Detection\Model\leakage_free_plsda_runs\All_coef_Ds004469\right\MLP\20260919_163358
All_coef_Ds004469,right,ResNet,0.5,0.4421052631578948,0.9166666666666666,0.5,0.0,1.0,0.4782608695652174,0.36363636363636365,C:\Users\IHCK\Desktop\17-9-2569\Hippocampal-Shape-Analysis-for-Epilepsy-Detection\Model\leakage_free_plsda_runs\All_coef_Ds004469\right\ResNet\20260919_163359
All_coef_Ds004469,right,ResNetAE,0.5,0.4421052631578948,0.9166666666666666,0.5,0.0,1.0,0.4782608695652174,0.2727272727272727,C:\Users\IHCK\Desktop\17-9-2569\Hippocampal-Shape-Analysis-for-Epilepsy-Detection\Model\leakage_free_plsda_runs\All_coef_Ds004469\right\ResNetAE\20260919_163401
All_coef_Ds004469,right,MobileNet,0.5,0.4421052631578948,0.9166666666666666,0.5,0.0,1.0,0.4782608695652174,0.6363636363636364,C:\Users\IHCK\Desktop\17-9-2569\Hippocampal-Shape-Analysis-for-Epilepsy-Detection\Model\leakage_free_plsda_runs\All_coef_Ds004469\right\MobileNet\20260919_163403
All_coef_Ds004469,right,SqueezeNet,0.5,0.4421052631578948,0.9166666666666666,0.5,0.0,1.0,0.4782608695652174,0.5454545454545454,C:\Users\IHCK\Desktop\17-9-2569\Hippocampal-Shape-Analysis-for-Epilepsy-Detection\Model\leakage_free_plsda_runs\All_coef_Ds004469\right\SqueezeNet\20260919_163405
All_coef_Ds005602,left,SVM,0.8355699855699856,0.8424557713948383,0.8571428571428571,0.8542105263157895,0.84,0.868421052631579,0.851764705882353,0.9368421052631579,C:\Users\IHCK\Desktop\17-9-2569\Hippocampal-Shape-Analysis-for-Epilepsy-Detection\Model\leakage_free_plsda_runs\All_coef_Ds005602\left\SVM\20260919_163407
All_coef_Ds005602,left,MLP,0.893939393939394,0.9012363850456285,0.8412698412698413,0.8410526315789473,0.84,0.8421052631578947,0.8362785862785863,0.9168421052631579,C:\Users\IHCK\Desktop\17-9-2569\Hippocampal-Shape-Analysis-for-Epilepsy-Detection\Model\leakage_free_plsda_runs\All_coef_Ds005602\left\MLP\20260919_163408
All_coef_Ds005602,left,ResNet,0.554040404040404,0.5400614211585302,0.5873015873015873,0.5005263157894737,0.08,0.9210526315789473,0.43124999999999997,0.6063157894736843,C:\Users\IHCK\Desktop\17-9-2569\Hippocampal-Shape-Analysis-for-Epilepsy-Detection\Model\leakage_free_plsda_runs\All_coef_Ds005602\left\ResNet\20260919_163410
All_coef_Ds005602,left,ResNetAE,0.5850649350649351,0.5788466737371847,0.5396825396825397,0.4610526315789473,0.08,0.8421052631578947,0.4046920821114369,0.5031578947368421,C:\Users\IHCK\Desktop\17-9-2569\Hippocampal-Shape-Analysis-for-Epilepsy-Detection\Model\leakage_free_plsda_runs\All_coef_Ds005602\left\ResNetAE\20260919_163417
All_coef_Ds005602,left,MobileNet,0.6470418470418471,0.6510087323095453,0.6666666666666666,0.6278947368421053,0.44,0.8157894736842105,0.6293079293919865,0.7336842105263158,C:\Users\IHCK\Desktop\17-9-2569\Hippocampal-Shape-Analysis-for-Epilepsy-Detection\Model\leakage_free_plsda_runs\All_coef_Ds005602\left\MobileNet\20260919_163429
All_coef_Ds005602,left,SqueezeNet,0.5157287157287157,0.42942176870748305,0.6666666666666666,0.5936842105263158,0.24,0.9473684210526315,0.5689149560117301,0.74,C:\Users\IHCK\Desktop\17-9-2569\Hippocampal-Shape-Analysis-for-Epilepsy-Detection\Model\leakage_free_plsda_runs\All_coef_Ds005602\left\SqueezeNet\20260919_163447
All_coef_Ds005602,right,SVM,0.8282560531729704,0.8409928931918839,0.8253968253968254,0.8002392344497608,0.7368421052631579,0.8636363636363636,0.7957559681697612,0.8923444976076554,C:\Users\IHCK\Desktop\17-9-2569\Hippocampal-Shape-Analysis-for-Epilepsy-Detection\Model\leakage_free_plsda_runs\All_coef_Ds005602\right\SVM\20260919_163457
All_coef_Ds005602,right,MLP,0.8634673207786041,0.8696859903381642,0.8888888888888888,0.8755980861244019,0.8421052631578947,0.9090909090909091,0.870026525198939,0.9090909090909091,C:\Users\IHCK\Desktop\17-9-2569\Hippocampal-Shape-Analysis-for-Epilepsy-Detection\Model\leakage_free_plsda_runs\All_coef_Ds005602\right\MLP\20260919_163459
All_coef_Ds005602,right,ResNet,0.6451574616236746,0.6607548342376366,0.6825396825396826,0.5334928229665071,0.15789473684210525,0.9090909090909091,0.5153846153846154,0.6543062200956937,C:\Users\IHCK\Desktop\17-9-2569\Hippocampal-Shape-Analysis-for-Epilepsy-Detection\Model\leakage_free_plsda_runs\All_coef_Ds005602\right\ResNet\20260919_163504
All_coef_Ds005602,right,ResNetAE,0.652278841588859,0.6634548308336241,0.6349206349206349,0.49940191387559807,0.15789473684210525,0.8409090909090909,0.4848915748311411,0.6770334928229664,C:\Users\IHCK\Desktop\17-9-2569\Hippocampal-Shape-Analysis-for-Epilepsy-Detection\Model\leakage_free_plsda_runs\All_coef_Ds005602\right\ResNetAE\20260919_163510
All_coef_Ds005602,right,MobileNet,0.7085773065358443,0.7246829268292683,0.7301587301587301,0.6273923444976076,0.3684210526315789,0.8863636363636364,0.6363327674023769,0.8528708133971292,C:\Users\IHCK\Desktop\17-9-2569\Hippocampal-Shape-Analysis-for-Epilepsy-Detection\Model\leakage_free_plsda_runs\All_coef_Ds005602\right\MobileNet\20260919_163518
All_coef_Ds005602,right,SqueezeNet,0.5,0.4168618266978923,0.6984126984126984,0.5,0.0,1.0,0.411214953271028,0.4425837320574162,C:\Users\IHCK\Desktop\17-9-2569\Hippocampal-Shape-Analysis-for-Epilepsy-Detection\Model\leakage_free_plsda_runs\All_coef_Ds005602\right\SqueezeNet\20260919_163527
