Protocol,ProtocolKey,Cohort,Side,Model,OptunaTrials,BestTrial,BestOOF_BalancedAccuracy,BestParams,StudyDir
Optuna no-PLS coefficient,coef_raw,All_coef,left,SVM,10,1,0.8424181631354896,"{""C"": 29.154431891537552, ""gamma_mode"": ""scale""}",C:\Users\IHCK\Desktop\17-9-2569\Hippocampal-Shape-Analysis-for-Epilepsy-Detection\Model\optuna_runs_10fold_all\studies\coef_raw\All_coef\left\SVM
Optuna no-PLS coefficient,coef_raw,All_coef,left,MLP,10,8,0.8669080589127562,"{""batch_size"": 8, ""dropout"": 0.4579309401710595, ""lr"": 0.000642033033629786, ""weight_decay"": 5.4880470007660465e-06}",C:\Users\IHCK\Desktop\17-9-2569\Hippocampal-Shape-Analysis-for-Epilepsy-Detection\Model\optuna_runs_10fold_all\studies\coef_raw\All_coef\left\MLP
Optuna no-PLS coefficient,coef_raw,All_coef,left,ResNet,10,6,0.6638939178940158,"{""batch_size"": 8, ""dropout"": 0.29807076404450805, ""lr"": 0.00028180680291847244, ""weight_decay"": 2.4586032763280077e-06}",C:\Users\IHCK\Desktop\17-9-2569\Hippocampal-Shape-Analysis-for-Epilepsy-Detection\Model\optuna_runs_10fold_all\studies\coef_raw\All_coef\left\ResNet
Optuna no-PLS coefficient,coef_raw,All_coef,left,ResNetAE,10,6,0.6569946665361843,"{""batch_size"": 16, ""dropout"": 0.3080272084711243, ""lr"": 0.00011240768803005555, ""recon_weight"": 0.05143828405076928, ""weight_decay"": 0.004337920697490943}",C:\Users\IHCK\Desktop\17-9-2569\Hippocampal-Shape-Analysis-for-Epilepsy-Detection\Model\optuna_runs_10fold_all\studies\coef_raw\All_coef\left\ResNetAE
Optuna no-PLS coefficient,coef_raw,All_coef,left,MobileNet,10,2,0.670817634682194,"{""batch_size"": 32, ""dropout"": 0.3099025726528951, ""lr"": 0.0016967533607196547, ""weight_decay"": 7.068974950624607e-06}",C:\Users\IHCK\Desktop\17-9-2569\Hippocampal-Shape-Analysis-for-Epilepsy-Detection\Model\optuna_runs_10fold_all\studies\coef_raw\All_coef\left\MobileNet
Optuna no-PLS coefficient,coef_raw,All_coef,left,SqueezeNet,10,8,0.506727993345403,"{""batch_size"": 8, ""dropout"": 0.4579309401710595, ""lr"": 0.000642033033629786, ""weight_decay"": 5.4880470007660465e-06}",C:\Users\IHCK\Desktop\17-9-2569\Hippocampal-Shape-Analysis-for-Epilepsy-Detection\Model\optuna_runs_10fold_all\studies\coef_raw\All_coef\left\SqueezeNet
Optuna no-PLS coefficient,coef_raw,All_coef,right,SVM,10,2,0.8332039911308204,"{""C"": 75.7947995334801, ""gamma_mode"": ""auto""}",C:\Users\IHCK\Desktop\17-9-2569\Hippocampal-Shape-Analysis-for-Epilepsy-Detection\Model\optuna_runs_10fold_all\studies\coef_raw\All_coef\right\SVM
Optuna no-PLS coefficient,coef_raw,All_coef,right,MLP,10,2,0.8568736141906874,"{""batch_size"": 32, ""dropout"": 0.3099025726528951, ""lr"": 0.0016967533607196547, ""weight_decay"": 7.068974950624607e-06}",C:\Users\IHCK\Desktop\17-9-2569\Hippocampal-Shape-Analysis-for-Epilepsy-Detection\Model\optuna_runs_10fold_all\studies\coef_raw\All_coef\right\MLP
Optuna no-PLS coefficient,coef_raw,All_coef,right,ResNet,10,3,0.7175720620842572,"{""batch_size"": 8, ""dropout"": 0.2465447373174767, ""lr"": 0.0004345454109729479, ""weight_decay"": 1.461896279370496e-05}",C:\Users\IHCK\Desktop\17-9-2569\Hippocampal-Shape-Analysis-for-Epilepsy-Detection\Model\optuna_runs_10fold_all\studies\coef_raw\All_coef\right\ResNet
Optuna no-PLS coefficient,coef_raw,All_coef,right,ResNetAE,10,0,0.6481152993348116,"{""batch_size"": 8, ""dropout"": 0.16239780813448107, ""lr"": 0.0003574712922600243, ""recon_weight"": 0.011900590783184251, ""weight_decay"": 0.006351221010640704}",C:\Users\IHCK\Desktop\17-9-2569\Hippocampal-Shape-Analysis-for-Epilepsy-Detection\Model\optuna_runs_10fold_all\studies\coef_raw\All_coef\right\ResNetAE
Optuna no-PLS coefficient,coef_raw,All_coef,right,MobileNet,10,3,0.6884146341463414,"{""batch_size"": 8, ""dropout"": 0.2465447373174767, ""lr"": 0.0004345454109729479, ""weight_decay"": 1.461896279370496e-05}",C:\Users\IHCK\Desktop\17-9-2569\Hippocampal-Shape-Analysis-for-Epilepsy-Detection\Model\optuna_runs_10fold_all\studies\coef_raw\All_coef\right\MobileNet
Optuna no-PLS coefficient,coef_raw,All_coef,right,SqueezeNet,10,8,0.5170731707317073,"{""batch_size"": 8, ""dropout"": 0.4579309401710595, ""lr"": 0.000642033033629786, ""weight_decay"": 5.4880470007660465e-06}",C:\Users\IHCK\Desktop\17-9-2569\Hippocampal-Shape-Analysis-for-Epilepsy-Detection\Model\optuna_runs_10fold_all\studies\coef_raw\All_coef\right\SqueezeNet
Optuna no-PLS coefficient,coef_raw,All_coef_Ds004469,left,SVM,10,9,0.5508744038155803,"{""C"": 0.030771802712506867, ""gamma_mode"": ""auto""}",C:\Users\IHCK\Desktop\17-9-2569\Hippocampal-Shape-Analysis-for-Epilepsy-Detection\Model\optuna_runs_10fold_all\studies\coef_raw\All_coef_Ds004469\left\SVM
Optuna no-PLS coefficient,coef_raw,All_coef_Ds004469,left,MLP,10,9,0.568362480127186,"{""batch_size"": 16, ""dropout"": 0.23013213230530574, ""lr"": 0.0007641361869233315, ""weight_decay"": 0.0048696409415209}",C:\Users\IHCK\Desktop\17-9-2569\Hippocampal-Shape-Analysis-for-Epilepsy-Detection\Model\optuna_runs_10fold_all\studies\coef_raw\All_coef_Ds004469\left\MLP
Optuna no-PLS coefficient,coef_raw,All_coef_Ds004469,left,ResNet,10,0,0.5747217806041336,"{""batch_size"": 8, ""dropout"": 0.16239780813448107, ""lr"": 0.0003574712922600243, ""weight_decay"": 0.006351221010640704}",C:\Users\IHCK\Desktop\17-9-2569\Hippocampal-Shape-Analysis-for-Epilepsy-Detection\Model\optuna_runs_10fold_all\studies\coef_raw\All_coef_Ds004469\left\ResNet
Optuna no-PLS coefficient,coef_raw,All_coef_Ds004469,left,ResNetAE,10,5,0.604133545310016,"{""batch_size"": 16, ""dropout"": 0.14881529393791154, ""lr"": 0.0015635108708133452, ""recon_weight"": 0.04407984038169244, ""weight_decay"": 1.6536937182824424e-05}",C:\Users\IHCK\Desktop\17-9-2569\Hippocampal-Shape-Analysis-for-Epilepsy-Detection\Model\optuna_runs_10fold_all\studies\coef_raw\All_coef_Ds004469\left\ResNetAE
Optuna no-PLS coefficient,coef_raw,All_coef_Ds004469,left,MobileNet,10,0,0.5453100158982512,"{""batch_size"": 8, ""dropout"": 0.16239780813448107, ""lr"": 0.0003574712922600243, ""weight_decay"": 0.006351221010640704}",C:\Users\IHCK\Desktop\17-9-2569\Hippocampal-Shape-Analysis-for-Epilepsy-Detection\Model\optuna_runs_10fold_all\studies\coef_raw\All_coef_Ds004469\left\MobileNet
Optuna no-PLS coefficient,coef_raw,All_coef_Ds004469,left,SqueezeNet,10,0,0.5206677265500795,"{""batch_size"": 8, ""dropout"": 0.16239780813448107, ""lr"": 0.0003574712922600243, ""weight_decay"": 0.006351221010640704}",C:\Users\IHCK\Desktop\17-9-2569\Hippocampal-Shape-Analysis-for-Epilepsy-Detection\Model\optuna_runs_10fold_all\studies\coef_raw\All_coef_Ds004469\left\SqueezeNet
Optuna no-PLS coefficient,coef_raw,All_coef_Ds004469,right,SVM,10,3,0.5043290043290043,"{""C"": 0.05415244119402541, ""gamma_mode"": ""scale""}",C:\Users\IHCK\Desktop\17-9-2569\Hippocampal-Shape-Analysis-for-Epilepsy-Detection\Model\optuna_runs_10fold_all\studies\coef_raw\All_coef_Ds004469\right\SVM
Optuna no-PLS coefficient,coef_raw,All_coef_Ds004469,right,MLP,10,9,0.5909090909090909,"{""batch_size"": 16, ""dropout"": 0.23013213230530574, ""lr"": 0.0007641361869233315, ""weight_decay"": 0.0048696409415209}",C:\Users\IHCK\Desktop\17-9-2569\Hippocampal-Shape-Analysis-for-Epilepsy-Detection\Model\optuna_runs_10fold_all\studies\coef_raw\All_coef_Ds004469\right\MLP
Optuna no-PLS coefficient,coef_raw,All_coef_Ds004469,right,ResNet,10,0,0.5909090909090909,"{""batch_size"": 8, ""dropout"": 0.16239780813448107, ""lr"": 0.0003574712922600243, ""weight_decay"": 0.006351221010640704}",C:\Users\IHCK\Desktop\17-9-2569\Hippocampal-Shape-Analysis-for-Epilepsy-Detection\Model\optuna_runs_10fold_all\studies\coef_raw\All_coef_Ds004469\right\ResNet
Optuna no-PLS coefficient,coef_raw,All_coef_Ds004469,right,ResNetAE,10,5,0.5909090909090909,"{""batch_size"": 16, ""dropout"": 0.14881529393791154, ""lr"": 0.0015635108708133452, ""recon_weight"": 0.04407984038169244, ""weight_decay"": 1.6536937182824424e-05}",C:\Users\IHCK\Desktop\17-9-2569\Hippocampal-Shape-Analysis-for-Epilepsy-Detection\Model\optuna_runs_10fold_all\studies\coef_raw\All_coef_Ds004469\right\ResNetAE
Optuna no-PLS coefficient,coef_raw,All_coef_Ds004469,right,MobileNet,10,0,0.5454545454545454,"{""batch_size"": 8, ""dropout"": 0.16239780813448107, ""lr"": 0.0003574712922600243, ""weight_decay"": 0.006351221010640704}",C:\Users\IHCK\Desktop\17-9-2569\Hippocampal-Shape-Analysis-for-Epilepsy-Detection\Model\optuna_runs_10fold_all\studies\coef_raw\All_coef_Ds004469\right\MobileNet
Optuna no-PLS coefficient,coef_raw,All_coef_Ds004469,right,SqueezeNet,10,5,0.5432900432900433,"{""batch_size"": 32, ""dropout"": 0.4233589392465845, ""lr"": 0.0007896186801026692, ""weight_decay"": 4.809461967501575e-06}",C:\Users\IHCK\Desktop\17-9-2569\Hippocampal-Shape-Analysis-for-Epilepsy-Detection\Model\optuna_runs_10fold_all\studies\coef_raw\All_coef_Ds004469\right\SqueezeNet
Optuna no-PLS coefficient,coef_raw,All_coef_Ds005602,left,SVM,10,1,0.8832611832611832,"{""C"": 29.154431891537552, ""gamma_mode"": ""scale""}",C:\Users\IHCK\Desktop\17-9-2569\Hippocampal-Shape-Analysis-for-Epilepsy-Detection\Model\optuna_runs_10fold_all\studies\coef_raw\All_coef_Ds005602\left\SVM
Optuna no-PLS coefficient,coef_raw,All_coef_Ds005602,left,MLP,10,2,0.9041125541125541,"{""batch_size"": 32, ""dropout"": 0.3099025726528951, ""lr"": 0.0016967533607196547, ""weight_decay"": 7.068974950624607e-06}",C:\Users\IHCK\Desktop\17-9-2569\Hippocampal-Shape-Analysis-for-Epilepsy-Detection\Model\optuna_runs_10fold_all\studies\coef_raw\All_coef_Ds005602\left\MLP
Optuna no-PLS coefficient,coef_raw,All_coef_Ds005602,left,ResNet,10,4,0.6716450216450216,"{""batch_size"": 32, ""dropout"": 0.1185801650879991, ""lr"": 0.000471705203762518, ""weight_decay"": 0.0013826232179369874}",C:\Users\IHCK\Desktop\17-9-2569\Hippocampal-Shape-Analysis-for-Epilepsy-Detection\Model\optuna_runs_10fold_all\studies\coef_raw\All_coef_Ds005602\left\ResNet
Optuna no-PLS coefficient,coef_raw,All_coef_Ds005602,left,ResNetAE,10,3,0.69992784992785,"{""batch_size"": 32, ""dropout"": 0.1798695128633439, ""lr"": 0.000160712385120399, ""recon_weight"": 0.04666963767236924, ""weight_decay"": 1.4742753159914662e-05}",C:\Users\IHCK\Desktop\17-9-2569\Hippocampal-Shape-Analysis-for-Epilepsy-Detection\Model\optuna_runs_10fold_all\studies\coef_raw\All_coef_Ds005602\left\ResNetAE
Optuna no-PLS coefficient,coef_raw,All_coef_Ds005602,left,MobileNet,10,0,0.7216450216450216,"{""batch_size"": 8, ""dropout"": 0.16239780813448107, ""lr"": 0.0003574712922600243, ""weight_decay"": 0.006351221010640704}",C:\Users\IHCK\Desktop\17-9-2569\Hippocampal-Shape-Analysis-for-Epilepsy-Detection\Model\optuna_runs_10fold_all\studies\coef_raw\All_coef_Ds005602\left\MobileNet
Optuna no-PLS coefficient,coef_raw,All_coef_Ds005602,left,SqueezeNet,10,3,0.5170995670995672,"{""batch_size"": 8, ""dropout"": 0.2465447373174767, ""lr"": 0.0004345454109729479, ""weight_decay"": 1.461896279370496e-05}",C:\Users\IHCK\Desktop\17-9-2569\Hippocampal-Shape-Analysis-for-Epilepsy-Detection\Model\optuna_runs_10fold_all\studies\coef_raw\All_coef_Ds005602\left\SqueezeNet
Optuna no-PLS coefficient,coef_raw,All_coef_Ds005602,right,SVM,10,2,0.8747032758347839,"{""C"": 75.7947995334801, ""gamma_mode"": ""auto""}",C:\Users\IHCK\Desktop\17-9-2569\Hippocampal-Shape-Analysis-for-Epilepsy-Detection\Model\optuna_runs_10fold_all\studies\coef_raw\All_coef_Ds005602\right\SVM
Optuna no-PLS coefficient,coef_raw,All_coef_Ds005602,right,MLP,10,8,0.8845940813419845,"{""batch_size"": 8, ""dropout"": 0.4579309401710595, ""lr"": 0.000642033033629786, ""weight_decay"": 5.4880470007660465e-06}",C:\Users\IHCK\Desktop\17-9-2569\Hippocampal-Shape-Analysis-for-Epilepsy-Detection\Model\optuna_runs_10fold_all\studies\coef_raw\All_coef_Ds005602\right\MLP
Optuna no-PLS coefficient,coef_raw,All_coef_Ds005602,right,ResNet,10,6,0.691644247507517,"{""batch_size"": 8, ""dropout"": 0.29807076404450805, ""lr"": 0.00028180680291847244, ""weight_decay"": 2.4586032763280077e-06}",C:\Users\IHCK\Desktop\17-9-2569\Hippocampal-Shape-Analysis-for-Epilepsy-Detection\Model\optuna_runs_10fold_all\studies\coef_raw\All_coef_Ds005602\right\ResNet
Optuna no-PLS coefficient,coef_raw,All_coef_Ds005602,right,ResNetAE,10,4,0.6875296724165216,"{""batch_size"": 8, ""dropout"": 0.4795542149013333, ""lr"": 0.000750011895041699, ""recon_weight"": 0.18043311207136256, ""weight_decay"": 1.5339162591163623e-06}",C:\Users\IHCK\Desktop\17-9-2569\Hippocampal-Shape-Analysis-for-Epilepsy-Detection\Model\optuna_runs_10fold_all\studies\coef_raw\All_coef_Ds005602\right\ResNetAE
Optuna no-PLS coefficient,coef_raw,All_coef_Ds005602,right,MobileNet,10,3,0.7649153347048583,"{""batch_size"": 8, ""dropout"": 0.2465447373174767, ""lr"": 0.0004345454109729479, ""weight_decay"": 1.461896279370496e-05}",C:\Users\IHCK\Desktop\17-9-2569\Hippocampal-Shape-Analysis-for-Epilepsy-Detection\Model\optuna_runs_10fold_all\studies\coef_raw\All_coef_Ds005602\right\MobileNet
Optuna no-PLS coefficient,coef_raw,All_coef_Ds005602,right,SqueezeNet,10,1,0.50858521918025,"{""batch_size"": 16, ""dropout"": 0.4879639408647978, ""lr"": 0.00012184186502221769, ""weight_decay"": 0.0029154431891537554}",C:\Users\IHCK\Desktop\17-9-2569\Hippocampal-Shape-Analysis-for-Epilepsy-Detection\Model\optuna_runs_10fold_all\studies\coef_raw\All_coef_Ds005602\right\SqueezeNet
Optuna fold-local PLS-DA coefficient,coef_plsda,All_coef,left,SVM,10,0,0.7930713901257522,"{""C"": 2.481040974867813, ""gamma_mode"": ""auto""}",C:\Users\IHCK\Desktop\17-9-2569\Hippocampal-Shape-Analysis-for-Epilepsy-Detection\Model\optuna_runs_10fold_all\studies\coef_plsda\All_coef\left\SVM
Optuna fold-local PLS-DA coefficient,coef_plsda,All_coef,left,MLP,10,6,0.8657826491167979,"{""batch_size"": 8, ""dropout"": 0.29807076404450805, ""lr"": 0.00028180680291847244, ""weight_decay"": 2.4586032763280077e-06}",C:\Users\IHCK\Desktop\17-9-2569\Hippocampal-Shape-Analysis-for-Epilepsy-Detection\Model\optuna_runs_10fold_all\studies\coef_plsda\All_coef\left\MLP
Optuna fold-local PLS-DA coefficient,coef_plsda,All_coef,left,ResNet,10,9,0.6541811420462886,"{""batch_size"": 16, ""dropout"": 0.23013213230530574, ""lr"": 0.0007641361869233315, ""weight_decay"": 0.0048696409415209}",C:\Users\IHCK\Desktop\17-9-2569\Hippocampal-Shape-Analysis-for-Epilepsy-Detection\Model\optuna_runs_10fold_all\studies\coef_plsda\All_coef\left\ResNet
Optuna fold-local PLS-DA coefficient,coef_plsda,All_coef,left,ResNetAE,10,9,0.6594167441405294,"{""batch_size"": 32, ""dropout"": 0.12982025747190834, ""lr"": 0.0003364867144187955, ""recon_weight"": 0.19229567074543377, ""weight_decay"": 1.329652145729951e-05}",C:\Users\IHCK\Desktop\17-9-2569\Hippocampal-Shape-Analysis-for-Epilepsy-Detection\Model\optuna_runs_10fold_all\studies\coef_plsda\All_coef\left\ResNetAE
Optuna fold-local PLS-DA coefficient,coef_plsda,All_coef,left,MobileNet,10,2,0.6652150511327494,"{""batch_size"": 32, ""dropout"": 0.3099025726528951, ""lr"": 0.0016967533607196547, ""weight_decay"": 7.068974950624607e-06}",C:\Users\IHCK\Desktop\17-9-2569\Hippocampal-Shape-Analysis-for-Epilepsy-Detection\Model\optuna_runs_10fold_all\studies\coef_plsda\All_coef\left\MobileNet
Optuna fold-local PLS-DA coefficient,coef_plsda,All_coef,left,SqueezeNet,10,3,0.5523315555120615,"{""batch_size"": 8, ""dropout"": 0.2465447373174767, ""lr"": 0.0004345454109729479, ""weight_decay"": 1.461896279370496e-05}",C:\Users\IHCK\Desktop\17-9-2569\Hippocampal-Shape-Analysis-for-Epilepsy-Detection\Model\optuna_runs_10fold_all\studies\coef_plsda\All_coef\left\SqueezeNet
Optuna fold-local PLS-DA coefficient,coef_plsda,All_coef,right,SVM,10,1,0.8004434589800444,"{""C"": 29.154431891537552, ""gamma_mode"": ""scale""}",C:\Users\IHCK\Desktop\17-9-2569\Hippocampal-Shape-Analysis-for-Epilepsy-Detection\Model\optuna_runs_10fold_all\studies\coef_plsda\All_coef\right\SVM
Optuna fold-local PLS-DA coefficient,coef_plsda,All_coef,right,MLP,10,2,0.8431263858093127,"{""batch_size"": 32, ""dropout"": 0.3099025726528951, ""lr"": 0.0016967533607196547, ""weight_decay"": 7.068974950624607e-06}",C:\Users\IHCK\Desktop\17-9-2569\Hippocampal-Shape-Analysis-for-Epilepsy-Detection\Model\optuna_runs_10fold_all\studies\coef_plsda\All_coef\right\MLP
Optuna fold-local PLS-DA coefficient,coef_plsda,All_coef,right,ResNet,10,3,0.676219512195122,"{""batch_size"": 8, ""dropout"": 0.2465447373174767, ""lr"": 0.0004345454109729479, ""weight_decay"": 1.461896279370496e-05}",C:\Users\IHCK\Desktop\17-9-2569\Hippocampal-Shape-Analysis-for-Epilepsy-Detection\Model\optuna_runs_10fold_all\studies\coef_plsda\All_coef\right\ResNet
Optuna fold-local PLS-DA coefficient,coef_plsda,All_coef,right,ResNetAE,10,3,0.6541019955654102,"{""batch_size"": 32, ""dropout"": 0.1798695128633439, ""lr"": 0.000160712385120399, ""recon_weight"": 0.04666963767236924, ""weight_decay"": 1.4742753159914662e-05}",C:\Users\IHCK\Desktop\17-9-2569\Hippocampal-Shape-Analysis-for-Epilepsy-Detection\Model\optuna_runs_10fold_all\studies\coef_plsda\All_coef\right\ResNetAE
Optuna fold-local PLS-DA coefficient,coef_plsda,All_coef,right,MobileNet,10,8,0.6732261640798226,"{""batch_size"": 8, ""dropout"": 0.4579309401710595, ""lr"": 0.000642033033629786, ""weight_decay"": 5.4880470007660465e-06}",C:\Users\IHCK\Desktop\17-9-2569\Hippocampal-Shape-Analysis-for-Epilepsy-Detection\Model\optuna_runs_10fold_all\studies\coef_plsda\All_coef\right\MobileNet
Optuna fold-local PLS-DA coefficient,coef_plsda,All_coef,right,SqueezeNet,10,0,0.5,"{""batch_size"": 8, ""dropout"": 0.16239780813448107, ""lr"": 0.0003574712922600243, ""weight_decay"": 0.006351221010640704}",C:\Users\IHCK\Desktop\17-9-2569\Hippocampal-Shape-Analysis-for-Epilepsy-Detection\Model\optuna_runs_10fold_all\studies\coef_plsda\All_coef\right\SqueezeNet
Optuna fold-local PLS-DA coefficient,coef_plsda,All_coef_Ds004469,left,SVM,10,9,0.5373608903020668,"{""C"": 0.030771802712506867, ""gamma_mode"": ""auto""}",C:\Users\IHCK\Desktop\17-9-2569\Hippocampal-Shape-Analysis-for-Epilepsy-Detection\Model\optuna_runs_10fold_all\studies\coef_plsda\All_coef_Ds004469\left\SVM
Optuna fold-local PLS-DA coefficient,coef_plsda,All_coef_Ds004469,left,MLP,10,6,0.5500794912559619,"{""batch_size"": 8, ""dropout"": 0.29807076404450805, ""lr"": 0.00028180680291847244, ""weight_decay"": 2.4586032763280077e-06}",C:\Users\IHCK\Desktop\17-9-2569\Hippocampal-Shape-Analysis-for-Epilepsy-Detection\Model\optuna_runs_10fold_all\studies\coef_plsda\All_coef_Ds004469\left\MLP
Optuna fold-local PLS-DA coefficient,coef_plsda,All_coef_Ds004469,left,ResNet,10,0,0.5930047694753577,"{""batch_size"": 8, ""dropout"": 0.16239780813448107, ""lr"": 0.0003574712922600243, ""weight_decay"": 0.006351221010640704}",C:\Users\IHCK\Desktop\17-9-2569\Hippocampal-Shape-Analysis-for-Epilepsy-Detection\Model\optuna_runs_10fold_all\studies\coef_plsda\All_coef_Ds004469\left\ResNet
Optuna fold-local PLS-DA coefficient,coef_plsda,All_coef_Ds004469,left,ResNetAE,10,4,0.5882352941176471,"{""batch_size"": 8, ""dropout"": 0.4795542149013333, ""lr"": 0.000750011895041699, ""recon_weight"": 0.18043311207136256, ""weight_decay"": 1.5339162591163623e-06}",C:\Users\IHCK\Desktop\17-9-2569\Hippocampal-Shape-Analysis-for-Epilepsy-Detection\Model\optuna_runs_10fold_all\studies\coef_plsda\All_coef_Ds004469\left\ResNetAE
Optuna fold-local PLS-DA coefficient,coef_plsda,All_coef_Ds004469,left,MobileNet,10,0,0.5588235294117647,"{""batch_size"": 8, ""dropout"": 0.16239780813448107, ""lr"": 0.0003574712922600243, ""weight_decay"": 0.006351221010640704}",C:\Users\IHCK\Desktop\17-9-2569\Hippocampal-Shape-Analysis-for-Epilepsy-Detection\Model\optuna_runs_10fold_all\studies\coef_plsda\All_coef_Ds004469\left\MobileNet
Optuna fold-local PLS-DA coefficient,coef_plsda,All_coef_Ds004469,left,SqueezeNet,10,2,0.5476947535771065,"{""batch_size"": 32, ""dropout"": 0.3099025726528951, ""lr"": 0.0016967533607196547, ""weight_decay"": 7.068974950624607e-06}",C:\Users\IHCK\Desktop\17-9-2569\Hippocampal-Shape-Analysis-for-Epilepsy-Detection\Model\optuna_runs_10fold_all\studies\coef_plsda\All_coef_Ds004469\left\SqueezeNet
Optuna fold-local PLS-DA coefficient,coef_plsda,All_coef_Ds004469,right,SVM,10,0,0.5,"{""C"": 2.481040974867813, ""gamma_mode"": ""auto""}",C:\Users\IHCK\Desktop\17-9-2569\Hippocampal-Shape-Analysis-for-Epilepsy-Detection\Model\optuna_runs_10fold_all\studies\coef_plsda\All_coef_Ds004469\right\SVM
Optuna fold-local PLS-DA coefficient,coef_plsda,All_coef_Ds004469,right,MLP,10,0,0.6699134199134199,"{""batch_size"": 8, ""dropout"": 0.16239780813448107, ""lr"": 0.0003574712922600243, ""weight_decay"": 0.006351221010640704}",C:\Users\IHCK\Desktop\17-9-2569\Hippocampal-Shape-Analysis-for-Epilepsy-Detection\Model\optuna_runs_10fold_all\studies\coef_plsda\All_coef_Ds004469\right\MLP
Optuna fold-local PLS-DA coefficient,coef_plsda,All_coef_Ds004469,right,ResNet,10,2,0.5454545454545454,"{""batch_size"": 32, ""dropout"": 0.3099025726528951, ""lr"": 0.0016967533607196547, ""weight_decay"": 7.068974950624607e-06}",C:\Users\IHCK\Desktop\17-9-2569\Hippocampal-Shape-Analysis-for-Epilepsy-Detection\Model\optuna_runs_10fold_all\studies\coef_plsda\All_coef_Ds004469\right\ResNet
Optuna fold-local PLS-DA coefficient,coef_plsda,All_coef_Ds004469,right,ResNetAE,10,7,0.5454545454545454,"{""batch_size"": 16, ""dropout"": 0.3391599915244341, ""lr"": 0.00018752209455786411, ""recon_weight"": 0.15826541904647565, ""weight_decay"": 0.00755681014127443}",C:\Users\IHCK\Desktop\17-9-2569\Hippocampal-Shape-Analysis-for-Epilepsy-Detection\Model\optuna_runs_10fold_all\studies\coef_plsda\All_coef_Ds004469\right\ResNetAE
Optuna fold-local PLS-DA coefficient,coef_plsda,All_coef_Ds004469,right,MobileNet,10,7,0.5670995670995671,"{""batch_size"": 16, ""dropout"": 0.3080272084711243, ""lr"": 0.00011240768803005555, ""weight_decay"": 0.004337920697490943}",C:\Users\IHCK\Desktop\17-9-2569\Hippocampal-Shape-Analysis-for-Epilepsy-Detection\Model\optuna_runs_10fold_all\studies\coef_plsda\All_coef_Ds004469\right\MobileNet
Optuna fold-local PLS-DA coefficient,coef_plsda,All_coef_Ds004469,right,SqueezeNet,10,3,0.5,"{""batch_size"": 8, ""dropout"": 0.2465447373174767, ""lr"": 0.0004345454109729479, ""weight_decay"": 1.461896279370496e-05}",C:\Users\IHCK\Desktop\17-9-2569\Hippocampal-Shape-Analysis-for-Epilepsy-Detection\Model\optuna_runs_10fold_all\studies\coef_plsda\All_coef_Ds004469\right\SqueezeNet
Optuna fold-local PLS-DA coefficient,coef_plsda,All_coef_Ds005602,left,SVM,10,2,0.8508658008658009,"{""C"": 75.7947995334801, ""gamma_mode"": ""auto""}",C:\Users\IHCK\Desktop\17-9-2569\Hippocampal-Shape-Analysis-for-Epilepsy-Detection\Model\optuna_runs_10fold_all\studies\coef_plsda\All_coef_Ds005602\left\SVM
Optuna fold-local PLS-DA coefficient,coef_plsda,All_coef_Ds005602,left,MLP,10,9,0.9073593073593074,"{""batch_size"": 16, ""dropout"": 0.23013213230530574, ""lr"": 0.0007641361869233315, ""weight_decay"": 0.0048696409415209}",C:\Users\IHCK\Desktop\17-9-2569\Hippocampal-Shape-Analysis-for-Epilepsy-Detection\Model\optuna_runs_10fold_all\studies\coef_plsda\All_coef_Ds005602\left\MLP
Optuna fold-local PLS-DA coefficient,coef_plsda,All_coef_Ds005602,left,ResNet,10,0,0.673953823953824,"{""batch_size"": 8, ""dropout"": 0.16239780813448107, ""lr"": 0.0003574712922600243, ""weight_decay"": 0.006351221010640704}",C:\Users\IHCK\Desktop\17-9-2569\Hippocampal-Shape-Analysis-for-Epilepsy-Detection\Model\optuna_runs_10fold_all\studies\coef_plsda\All_coef_Ds005602\left\ResNet
Optuna fold-local PLS-DA coefficient,coef_plsda,All_coef_Ds005602,left,ResNetAE,10,0,0.685064935064935,"{""batch_size"": 8, ""dropout"": 0.16239780813448107, ""lr"": 0.0003574712922600243, ""recon_weight"": 0.011900590783184251, ""weight_decay"": 0.006351221010640704}",C:\Users\IHCK\Desktop\17-9-2569\Hippocampal-Shape-Analysis-for-Epilepsy-Detection\Model\optuna_runs_10fold_all\studies\coef_plsda\All_coef_Ds005602\left\ResNetAE
Optuna fold-local PLS-DA coefficient,coef_plsda,All_coef_Ds005602,left,MobileNet,10,0,0.6906204906204906,"{""batch_size"": 8, ""dropout"": 0.16239780813448107, ""lr"": 0.0003574712922600243, ""weight_decay"": 0.006351221010640704}",C:\Users\IHCK\Desktop\17-9-2569\Hippocampal-Shape-Analysis-for-Epilepsy-Detection\Model\optuna_runs_10fold_all\studies\coef_plsda\All_coef_Ds005602\left\MobileNet
Optuna fold-local PLS-DA coefficient,coef_plsda,All_coef_Ds005602,left,SqueezeNet,10,3,0.537950937950938,"{""batch_size"": 8, ""dropout"": 0.2465447373174767, ""lr"": 0.0004345454109729479, ""weight_decay"": 1.461896279370496e-05}",C:\Users\IHCK\Desktop\17-9-2569\Hippocampal-Shape-Analysis-for-Epilepsy-Detection\Model\optuna_runs_10fold_all\studies\coef_plsda\All_coef_Ds005602\left\SqueezeNet
Optuna fold-local PLS-DA coefficient,coef_plsda,All_coef_Ds005602,right,SVM,10,2,0.8578097800284855,"{""C"": 75.7947995334801, ""gamma_mode"": ""auto""}",C:\Users\IHCK\Desktop\17-9-2569\Hippocampal-Shape-Analysis-for-Epilepsy-Detection\Model\optuna_runs_10fold_all\studies\coef_plsda\All_coef_Ds005602\right\SVM
Optuna fold-local PLS-DA coefficient,coef_plsda,All_coef_Ds005602,right,MLP,10,8,0.9014480139262542,"{""batch_size"": 8, ""dropout"": 0.4579309401710595, ""lr"": 0.000642033033629786, ""weight_decay"": 5.4880470007660465e-06}",C:\Users\IHCK\Desktop\17-9-2569\Hippocampal-Shape-Analysis-for-Epilepsy-Detection\Model\optuna_runs_10fold_all\studies\coef_plsda\All_coef_Ds005602\right\MLP
Optuna fold-local PLS-DA coefficient,coef_plsda,All_coef_Ds005602,right,ResNet,10,3,0.69583794904257,"{""batch_size"": 8, ""dropout"": 0.2465447373174767, ""lr"": 0.0004345454109729479, ""weight_decay"": 1.461896279370496e-05}",C:\Users\IHCK\Desktop\17-9-2569\Hippocampal-Shape-Analysis-for-Epilepsy-Detection\Model\optuna_runs_10fold_all\studies\coef_plsda\All_coef_Ds005602\right\ResNet
Optuna fold-local PLS-DA coefficient,coef_plsda,All_coef_Ds005602,right,ResNetAE,10,4,0.7254312391201139,"{""batch_size"": 8, ""dropout"": 0.4795542149013333, ""lr"": 0.000750011895041699, ""recon_weight"": 0.18043311207136256, ""weight_decay"": 1.5339162591163623e-06}",C:\Users\IHCK\Desktop\17-9-2569\Hippocampal-Shape-Analysis-for-Epilepsy-Detection\Model\optuna_runs_10fold_all\studies\coef_plsda\All_coef_Ds005602\right\ResNetAE
Optuna fold-local PLS-DA coefficient,coef_plsda,All_coef_Ds005602,right,MobileNet,10,9,0.753600253204621,"{""batch_size"": 16, ""dropout"": 0.23013213230530574, ""lr"": 0.0007641361869233315, ""weight_decay"": 0.0048696409415209}",C:\Users\IHCK\Desktop\17-9-2569\Hippocampal-Shape-Analysis-for-Epilepsy-Detection\Model\optuna_runs_10fold_all\studies\coef_plsda\All_coef_Ds005602\right\MobileNet
Optuna fold-local PLS-DA coefficient,coef_plsda,All_coef_Ds005602,right,SqueezeNet,10,5,0.5015429656591233,"{""batch_size"": 32, ""dropout"": 0.4233589392465845, ""lr"": 0.0007896186801026692, ""weight_decay"": 4.809461967501575e-06}",C:\Users\IHCK\Desktop\17-9-2569\Hippocampal-Shape-Analysis-for-Epilepsy-Detection\Model\optuna_runs_10fold_all\studies\coef_plsda\All_coef_Ds005602\right\SqueezeNet
Optuna raw XYZ PointNet,pointnet_raw,All_coef,left,PointNet,10,6,0.7975485638792386,"{""batch_size"": 8, ""dropout"": 0.34758845505563507, ""lr"": 0.00028180680291847244, ""weight_decay"": 2.4586032763280077e-06}",C:\Users\IHCK\Desktop\17-9-2569\Hippocampal-Shape-Analysis-for-Epilepsy-Detection\Model\optuna_runs_10fold_all\studies\pointnet_raw\All_coef\left\PointNet
Optuna raw XYZ PointNet,pointnet_raw,All_coef,right,PointNet,10,1,0.8242239467849224,"{""batch_size"": 16, ""dropout"": 0.5849549260809972, ""lr"": 0.00012184186502221769, ""weight_decay"": 0.0029154431891537554}",C:\Users\IHCK\Desktop\17-9-2569\Hippocampal-Shape-Analysis-for-Epilepsy-Detection\Model\optuna_runs_10fold_all\studies\pointnet_raw\All_coef\right\PointNet
Optuna raw XYZ PointNet,pointnet_raw,All_coef_Ds004469,left,PointNet,10,3,0.6073131955484896,"{""batch_size"": 8, ""dropout"": 0.28318092164684583, ""lr"": 0.0004345454109729479, ""weight_decay"": 1.461896279370496e-05}",C:\Users\IHCK\Desktop\17-9-2569\Hippocampal-Shape-Analysis-for-Epilepsy-Detection\Model\optuna_runs_10fold_all\studies\pointnet_raw\All_coef_Ds004469\left\PointNet
Optuna raw XYZ PointNet,pointnet_raw,All_coef_Ds004469,right,PointNet,10,6,0.8062770562770563,"{""batch_size"": 8, ""dropout"": 0.34758845505563507, ""lr"": 0.00028180680291847244, ""weight_decay"": 2.4586032763280077e-06}",C:\Users\IHCK\Desktop\17-9-2569\Hippocampal-Shape-Analysis-for-Epilepsy-Detection\Model\optuna_runs_10fold_all\studies\pointnet_raw\All_coef_Ds004469\right\PointNet
Optuna raw XYZ PointNet,pointnet_raw,All_coef_Ds005602,left,PointNet,10,7,0.861976911976912,"{""batch_size"": 16, ""dropout"": 0.3600340105889054, ""lr"": 0.00011240768803005555, ""weight_decay"": 0.004337920697490943}",C:\Users\IHCK\Desktop\17-9-2569\Hippocampal-Shape-Analysis-for-Epilepsy-Detection\Model\optuna_runs_10fold_all\studies\pointnet_raw\All_coef_Ds005602\left\PointNet
Optuna raw XYZ PointNet,pointnet_raw,All_coef_Ds005602,right,PointNet,10,1,0.8831698053489476,"{""batch_size"": 16, ""dropout"": 0.5849549260809972, ""lr"": 0.00012184186502221769, ""weight_decay"": 0.0029154431891537554}",C:\Users\IHCK\Desktop\17-9-2569\Hippocampal-Shape-Analysis-for-Epilepsy-Detection\Model\optuna_runs_10fold_all\studies\pointnet_raw\All_coef_Ds005602\right\PointNet
Optuna fold-local PLS-DA PointNet,pointnet_plsda,All_coef,left,PointNet,10,8,0.7893281792826736,"{""batch_size"": 8, ""dropout"": 0.5474136752138244, ""lr"": 0.000642033033629786, ""weight_decay"": 5.4880470007660465e-06}",C:\Users\IHCK\Desktop\17-9-2569\Hippocampal-Shape-Analysis-for-Epilepsy-Detection\Model\optuna_runs_10fold_all\studies\pointnet_plsda\All_coef\left\PointNet
Optuna fold-local PLS-DA PointNet,pointnet_plsda,All_coef,right,PointNet,10,1,0.8263858093126386,"{""batch_size"": 16, ""dropout"": 0.5849549260809972, ""lr"": 0.00012184186502221769, ""weight_decay"": 0.0029154431891537554}",C:\Users\IHCK\Desktop\17-9-2569\Hippocampal-Shape-Analysis-for-Epilepsy-Detection\Model\optuna_runs_10fold_all\studies\pointnet_plsda\All_coef\right\PointNet
Optuna fold-local PLS-DA PointNet,pointnet_plsda,All_coef_Ds004469,left,PointNet,10,3,0.568362480127186,"{""batch_size"": 8, ""dropout"": 0.28318092164684583, ""lr"": 0.0004345454109729479, ""weight_decay"": 1.461896279370496e-05}",C:\Users\IHCK\Desktop\17-9-2569\Hippocampal-Shape-Analysis-for-Epilepsy-Detection\Model\optuna_runs_10fold_all\studies\pointnet_plsda\All_coef_Ds004469\left\PointNet
Optuna fold-local PLS-DA PointNet,pointnet_plsda,All_coef_Ds004469,right,PointNet,10,6,0.9069264069264069,"{""batch_size"": 8, ""dropout"": 0.34758845505563507, ""lr"": 0.00028180680291847244, ""weight_decay"": 2.4586032763280077e-06}",C:\Users\IHCK\Desktop\17-9-2569\Hippocampal-Shape-Analysis-for-Epilepsy-Detection\Model\optuna_runs_10fold_all\studies\pointnet_plsda\All_coef_Ds004469\right\PointNet
Optuna fold-local PLS-DA PointNet,pointnet_plsda,All_coef_Ds005602,left,PointNet,10,7,0.8675324675324676,"{""batch_size"": 16, ""dropout"": 0.3600340105889054, ""lr"": 0.00011240768803005555, ""weight_decay"": 0.004337920697490943}",C:\Users\IHCK\Desktop\17-9-2569\Hippocampal-Shape-Analysis-for-Epilepsy-Detection\Model\optuna_runs_10fold_all\studies\pointnet_plsda\All_coef_Ds005602\left\PointNet
Optuna fold-local PLS-DA PointNet,pointnet_plsda,All_coef_Ds005602,right,PointNet,10,0,0.8578097800284855,"{""batch_size"": 8, ""dropout"": 0.17799726016810133, ""lr"": 0.0003574712922600243, ""weight_decay"": 0.006351221010640704}",C:\Users\IHCK\Desktop\17-9-2569\Hippocampal-Shape-Analysis-for-Epilepsy-Detection\Model\optuna_runs_10fold_all\studies\pointnet_plsda\All_coef_Ds005602\right\PointNet
Optuna direct PLS-DA classifier,plsda_direct,All_coef,left,PLSDA_classifier,10,0,0.853256348779175,"{""n_components"": 4}",C:\Users\IHCK\Desktop\17-9-2569\Hippocampal-Shape-Analysis-for-Epilepsy-Detection\Model\optuna_runs_10fold_all\studies\plsda_direct\All_coef\left\PLSDA_classifier
Optuna direct PLS-DA classifier,plsda_direct,All_coef,right,PLSDA_classifier,10,5,0.8248337028824834,"{""n_components"": 2}",C:\Users\IHCK\Desktop\17-9-2569\Hippocampal-Shape-Analysis-for-Epilepsy-Detection\Model\optuna_runs_10fold_all\studies\plsda_direct\All_coef\right\PLSDA_classifier
Optuna direct PLS-DA classifier,plsda_direct,All_coef_Ds004469,left,PLSDA_classifier,10,5,0.45548489666136727,"{""n_components"": 2}",C:\Users\IHCK\Desktop\17-9-2569\Hippocampal-Shape-Analysis-for-Epilepsy-Detection\Model\optuna_runs_10fold_all\studies\plsda_direct\All_coef_Ds004469\left\PLSDA_classifier
Optuna direct PLS-DA classifier,plsda_direct,All_coef_Ds004469,right,PLSDA_classifier,10,0,0.6699134199134199,"{""n_components"": 4}",C:\Users\IHCK\Desktop\17-9-2569\Hippocampal-Shape-Analysis-for-Epilepsy-Detection\Model\optuna_runs_10fold_all\studies\plsda_direct\All_coef_Ds004469\right\PLSDA_classifier
Optuna direct PLS-DA classifier,plsda_direct,All_coef_Ds005602,left,PLSDA_classifier,10,0,0.8841991341991342,"{""n_components"": 4}",C:\Users\IHCK\Desktop\17-9-2569\Hippocampal-Shape-Analysis-for-Epilepsy-Detection\Model\optuna_runs_10fold_all\studies\plsda_direct\All_coef_Ds005602\left\PLSDA_classifier
Optuna direct PLS-DA classifier,plsda_direct,All_coef_Ds005602,right,PLSDA_classifier,10,0,0.8704700110777022,"{""n_components"": 4}",C:\Users\IHCK\Desktop\17-9-2569\Hippocampal-Shape-Analysis-for-Epilepsy-Detection\Model\optuna_runs_10fold_all\studies\plsda_direct\All_coef_Ds005602\right\PLSDA_classifier
